c√≥digo,boleta
CC/1,ONLINE
CC/6,ONLINE
NC/5,ONLINE
CI/7,ONLINE
NI/10,ONLINE
CC/3,ONLINE
CC/6,ONLINE
CC/2,ONLINE
CC/1,ONLINE
CC/4,ONLINE
CC/6,ONLINE
CI/1,ONLINE
CI/7,ONLINE
CI/2,ONLINE
CC/1,ONLINE
NC/7,ONLINE
CC/6,ONLINE
NI/14,ONLINE
CI/3,ONLINE
CI/2,ONLINE
CC/5,ONLINE
NC/1,ONLINE
CC/10,ONLINE
CI/3,ONLINE
CI/13,ONLINE
SI/5,ONLINE
CC/5,ONLINE
NC/1,ONLINE
CC/10,ONLINE
CI/1,ONLINE
CI/7,ONLINE
CI/2,ONLINE
CC/5,ONLINE
NC/1,ONLINE
CC/10,ONLINE
NI/8,ONLINE
CI/1,ONLINE
CI/9,ONLINE
CC/5,ONLINE
CC/1,ONLINE
CC/10,ONLINE
NI/13,ONLINE
SI/4,ONLINE
CI/6,ONLINE
CC/5,ONLINE
NC/1,ONLINE
CC/10,ONLINE
CI/3,ONLINE
CI/10,ONLINE
CI/8,ONLINE
CC/5,ONLINE
CC/1,ONLINE
SC/2,ONLINE
NC/6,ONLINE
NI/14,ONLINE
SI/2,ONLINE
SI/4,ONLINE
CC/5,ONLINE
NC/1,ONLINE
CC/10,ONLINE
NI/6,ONLINE
SI/2,ONLINE
CI/7,ONLINE
CC/5,ONLINE
CC/3,ONLINE
CC/10,ONLINE
CI/12,ONLINE
CI/3,ONLINE
SI/2,ONLINE
CC/5,ONLINE
CC/3,ONLINE
CC/10,ONLINE
NI/14,ONLINE
CI/7,ONLINE
CI/2,ONLINE
CC/5,ONLINE
NC/1,ONLINE
CC/10,ONLINE
CI/11,ONLINE
CI/7,ONLINE
CI/8,ONLINE
NC/7,ONLINE
CC/5,ONLINE
NC/1,ONLINE
CC/10,ONLINE
CI/7,ONLINE
CI/2,ONLINE
SI/1,ONLINE
CC/1,ONLINE
CC/3,ONLINE
CI/1,ONLINE
CI/2,ONLINE
CC/5,ONLINE
NC/1,ONLINE
CC/10,ONLINE
CI/7,ONLINE
SI/5,ONLINE
NI/12,ONLINE
NC/7,ONLINE
CC/5,ONLINE
NC/1,ONLINE
CC/11,ONLINE
NI/14,ONLINE
NC/2,ONLINE
NC/7,ONLINE
NC/5,ONLINE
NI/14,ONLINE
NI/4,ONLINE
NI/10,ONLINE
CC/5,ONLINE
CC/10,ONLINE
CC/5,ONLINE
NC/1,ONLINE
CC/10,ONLINE
NI/13,ONLINE
CI/2,ONLINE
CI/9,ONLINE
CC/5,ONLINE
NC/1,ONLINE
CC/10,ONLINE
NI/14,ONLINE
CI/1,ONLINE
CI/9,ONLINE
CC/2,ONLINE
CC/11,ONLINE
CC/12,ONLINE
CI/3,ONLINE
CI/4,ONLINE
SI/6,ONLINE
CC/5,ONLINE
NC/1,ONLINE
CC/10,ONLINE
CI/12,ONLINE
CI/7,ONLINE
CI/2,ONLINE
CC/5,ONLINE
CC/4,ONLINE
NC/1,ONLINE
CI/1,ONLINE
NI/10,ONLINE
CI/10,ONLINE
CC/5,ONLINE
NC/1,ONLINE
CC/10,ONLINE
NI/14,ONLINE
NI/9,ONLINE
CI/6,ONLINE
CC/5,ONLINE
NC/1,ONLINE
CC/10,ONLINE
NI/14,ONLINE
SI/5,ONLINE
NI/12,ONLINE
CC/7,ONLINE
SC/3,ONLINE
SC/1,ONLINE
NI/1,ONLINE
NI/13,ONLINE
NI/7,ONLINE
CC/5,ONLINE
CC/1,ONLINE
CC/2,ONLINE
CI/13,ONLINE
NI/2,ONLINE
CI/2,ONLINE
SC/4,ONLINE
CC/7,ONLINE
CC/5,ONLINE
CC/4,ONLINE
NC/1,ONLINE
NI/7,ONLINE
CI/1,ONLINE
CI/7,ONLINE
CC/8,ONLINE
CC/3,ONLINE
CC/11,ONLINE
CI/4,ONLINE
NI/7,ONLINE
SI/6,ONLINE
CC/4,ONLINE
SC/1,ONLINE
SC/5,ONLINE
SI/3,ONLINE
SI/5,ONLINE
SI/6,ONLINE
CC/1,ONLINE
CC/4,ONLINE
CI/5,ONLINE
CC/5,ONLINE
NC/1,ONLINE
CC/10,ONLINE
CC/5,ONLINE
NC/4,ONLINE
SC/1,ONLINE
NI/14,ONLINE
SI/6,ONLINE
NI/12,ONLINE
CC/5,ONLINE
SC/1,ONLINE
SC/5,ONLINE
SI/3,ONLINE
SI/1,ONLINE
SI/7,ONLINE
CC/5,ONLINE
CC/1,ONLINE
CC/3,ONLINE
CI/1,ONLINE
CI/7,ONLINE
CI/2,ONLINE
CC/5,ONLINE
NC/1,ONLINE
CC/10,ONLINE
CC/1,ONLINE
CC/7,ONLINE
NC/1,ONLINE
SI/8,ONLINE
SI/6,ONLINE
SI/7,ONLINE
SC/3,ONLINE
SC/1,ONLINE
SC/5,ONLINE
SI/3,ONLINE
SI/8,ONLINE
SI/5,ONLINE
CC/5,ONLINE
NC/1,ONLINE
CC/10,ONLINE
NI/14,ONLINE
SI/2,ONLINE
NI/13,ONLINE
CI/3,ONLINE
CI/13,ONLINE
SC/2,ONLINE
CI/12,ONLINE
CI/11,ONLINE
SC/4,ONLINE
CC/7,ONLINE
CC/9,ONLINE
NI/9,ONLINE
CI/12,ONLINE
NI/6,ONLINE
CC/5,ONLINE
CC/4,ONLINE
NC/6,ONLINE
CI/3,ONLINE
NI/11,ONLINE
CI/4,ONLINE
CC/5,ONLINE
NC/1,ONLINE
CC/10,ONLINE
CC/3,ONLINE
SC/3,ONLINE
CC/6,ONLINE
SI/2,ONLINE
SI/8,ONLINE
SI/4,ONLINE
CI/11,ONLINE
CC/5,ONLINE
CC/1,ONLINE
CC/9,ONLINE
CI/12,ONLINE
CI/11,ONLINE
CC/7,ONLINE
NC/1,ONLINE
CI/12,ONLINE
CI/11,ONLINE
CC/1,ONLINE
NC/4,ONLINE
NC/5,ONLINE
CI/12,ONLINE
CI/3,ONLINE
CI/2,ONLINE
CC/2,ONLINE
CI/3,ONLINE
CI/13,ONLINE
CC/5,ONLINE
CC/1,ONLINE
CC/2,ONLINE
CC/11,ONLINE
CI/3,ONLINE
NI/2,ONLINE
NI/13,ONLINE
SC/4,ONLINE
NC/1,ONLINE
CC/10,ONLINE
CI/12,ONLINE
CI/11,ONLINE
CI/7,ONLINE
CC/5,ONLINE
CC/3,ONLINE
CC/10,ONLINE
NI/8,ONLINE
CC/5,ONLINE
NC/1,ONLINE
CC/10,ONLINE
CI/3,ONLINE
CI/7,ONLINE
CI/2,ONLINE
SC/4,ONLINE
CC/3,ONLINE
SC/3,ONLINE
NI/5,ONLINE
CI/13,ONLINE
NI/12,ONLINE
CC/5,ONLINE
NC/1,ONLINE
CC/10,ONLINE
NI/14,ONLINE
CI/6,ONLINE
SI/5,ONLINE
CC/1,ONLINE
SC/2,ONLINE
SC/3,ONLINE
CI/11,ONLINE
CI/4,ONLINE
CI/9,ONLINE
CC/5,ONLINE
NC/1,ONLINE
CC/10,ONLINE
CI/12,ONLINE
CI/3,ONLINE
NI/12,ONLINE
CC/7,ONLINE
CC/3,ONLINE
NC/6,ONLINE
CI/12,ONLINE
CI/11,ONLINE
SI/4,ONLINE
CC/1,ONLINE
CC/3,ONLINE
NC/1,ONLINE
NI/14,ONLINE
NI/13,ONLINE
SI/7,ONLINE
CC/6,ONLINE
NC/5,ONLINE
CC/2,ONLINE
NI/14,ONLINE
CI/3,ONLINE
SI/4,ONLINE
CC/8,ONLINE
CC/3,ONLINE
NC/7,ONLINE
SI/2,ONLINE
CI/1,ONLINE
NI/10,ONLINE
CI/12,ONLINE
CI/11,ONLINE
CC/5,ONLINE
NC/1,ONLINE
CC/10,ONLINE
CI/13,ONLINE
CI/2,ONLINE
NI/12,ONLINE
CC/5,ONLINE
CC/3,ONLINE
NC/1,ONLINE
NI/14,ONLINE
NI/9,ONLINE
SI/7,ONLINE
CI/12,ONLINE
CI/11,ONLINE
NC/1,ONLINE
NI/2,ONLINE
CC/5,ONLINE
SC/2,ONLINE
CC/12,ONLINE
CI/6,ONLINE
CI/1,ONLINE
CI/2,ONLINE
CC/5,ONLINE
NC/1,ONLINE
CC/10,ONLINE
CI/3,ONLINE
SI/4,ONLINE
CC/3,ONLINE
SC/3,ONLINE
CC/6,ONLINE
CI/5,ONLINE
CI/2,ONLINE
CI/8,ONLINE
CC/5,ONLINE
NC/1,ONLINE
CC/10,ONLINE
CI/3,ONLINE
SI/2,ONLINE
SI/7,ONLINE
CC/5,ONLINE
NC/1,ONLINE
CC/10,ONLINE
CI/3,ONLINE
CI/1,ONLINE
CI/2,ONLINE
SC/4,ONLINE
CC/7,ONLINE
CC/9,ONLINE
CI/3,ONLINE
SI/2,ONLINE
CI/6,ONLINE
CC/5,ONLINE
NC/1,ONLINE
CC/10,ONLINE
NI/14,ONLINE
CI/4,ONLINE
SI/7,ONLINE
CC/6,ONLINE
NI/14,ONLINE
NI/6,ONLINE
NI/2,ONLINE
NI/6,ONLINE
NI/2,ONLINE
CI/12,ONLINE
CI/11,ONLINE
CI/8,ONLINE
SI/3,ONLINE
SI/1,ONLINE
SI/7,ONLINE
NC/7,ONLINE
SC/6,ONLINE
NI/6,ONLINE
NI/2,ONLINE
CC/7,ONLINE
CI/12,ONLINE
CI/11,ONLINE
CC/7,ONLINE
CI/12,ONLINE
CI/11,ONLINE
NC/3,ONLINE
NC/4,ONLINE
NC/5,ONLINE
NI/1,ONLINE
NI/13,ONLINE
NI/7,ONLINE
CC/5,ONLINE
NC/9,ONLINE
NC/5,ONLINE
CI/3,ONLINE
NI/6,ONLINE
NI/2,ONLINE
CC/5,ONLINE
SC/4,ONLINE
CC/12,ONLINE
CI/13,ONLINE
SC/4,ONLINE
SC/1,ONLINE
NC/6,ONLINE
NI/1,ONLINE
NI/13,ONLINE
NI/7,ONLINE
SC/3,ONLINE
SC/6,ONLINE
CC/12,ONLINE
CI/11,ONLINE
CI/3,ONLINE
CI/13,ONLINE
CI/12,ONLINE
CI/11,ONLINE
CC/7,ONLINE
NC/3,ONLINE
SC/2,ONLINE
NI/1,ONLINE
NI/13,ONLINE
NI/7,ONLINE
CC/4,ONLINE
CC/7,ONLINE
CC/11,ONLINE
CI/12,ONLINE
CI/10,ONLINE
NI/2,ONLINE
CI/2,ONLINE
CI/9,ONLINE
CC/10,ONLINE
CI/12,ONLINE
NC/2,ONLINE
NC/4,ONLINE
NC/9,ONLINE
NI/14,ONLINE
NI/6,ONLINE
NI/2,ONLINE
CC/5,ONLINE
NC/1,ONLINE
CC/10,ONLINE
SI/2,ONLINE
SC/2,ONLINE
SC/6,ONLINE
CC/12,ONLINE
NI/1,ONLINE
NI/13,ONLINE
NI/7,ONLINE
CI/12,ONLINE
CI/11,ONLINE
CI/7,ONLINE
NI/1,ONLINE
NI/13,ONLINE
NI/7,ONLINE
CC/5,ONLINE
NC/1,ONLINE
CC/10,ONLINE
CI/6,ONLINE
CI/9,ONLINE
CI/8,ONLINE
NI/6,ONLINE
NI/2,ONLINE
NC/2,ONLINE
NC/8,ONLINE
NC/9,ONLINE
CI/12,ONLINE
NI/13,ONLINE
NI/12,ONLINE
CC/5,ONLINE
NC/1,ONLINE
CC/10,ONLINE
NI/10,ONLINE
NI/1,ONLINE
NI/13,ONLINE
NI/7,ONLINE
CI/5,ONLINE
CI/6,ONLINE
CC/5,ONLINE
NC/1,ONLINE
CC/10,ONLINE
SI/2,ONLINE
CI/6,ONLINE
CI/1,ONLINE
CC/5,ONLINE
NI/6,ONLINE
NI/2,ONLINE
SC/4,ONLINE
NC/1,ONLINE
NC/9,ONLINE
CI/12,ONLINE
CI/11,ONLINE
NI/10,ONLINE
CC/5,ONLINE
NC/1,ONLINE
CC/10,ONLINE
SI/4,ONLINE
CI/1,ONLINE
NI/10,ONLINE
CC/5,ONLINE
CC/6,ONLINE
CC/11,ONLINE
CI/12,ONLINE
CI/11,ONLINE
CI/5,ONLINE
NC/8,ONLINE
NC/7,ONLINE
NC/9,ONLINE
NI/14,ONLINE
NI/13,ONLINE
NI/12,ONLINE
CI/12,ONLINE
CI/11,ONLINE
CC/7,ONLINE
SC/3,ONLINE
CI/12,ONLINE
CI/11,ONLINE
SC/4,ONLINE
NC/1,ONLINE
CC/6,ONLINE
NI/14,ONLINE
SI/8,ONLINE
NI/10,ONLINE
SC/4,ONLINE
NC/2,ONLINE
NC/9,ONLINE
NI/9,ONLINE
NI/13,ONLINE
NI/12,ONLINE
CC/5,ONLINE
NC/1,ONLINE
CC/10,ONLINE
CC/4,ONLINE
CC/4,ONLINE
CC/2,ONLINE
SI/2,ONLINE
CC/1,ONLINE
SC/2,ONLINE
NC/1,ONLINE
NI/7,ONLINE
CI/2,ONLINE
CI/8,ONLINE
CC/5,ONLINE
NC/8,ONLINE
CC/10,ONLINE
SI/2,ONLINE
NI/10,ONLINE
NI/12,ONLINE
CC/5,ONLINE
NC/1,ONLINE
CC/10,ONLINE
NI/2,ONLINE
NI/7,ONLINE
CI/2,ONLINE
NI/6,ONLINE
NI/2,ONLINE
SC/4,ONLINE
NC/7,ONLINE
CC/6,ONLINE
NI/14,ONLINE
CI/12,ONLINE
CI/3,ONLINE
CC/8,ONLINE
CC/5,ONLINE
CC/8,ONLINE
NC/1,ONLINE
CI/4,ONLINE
CI/1,ONLINE
CI/7,ONLINE
CC/1,ONLINE
CC/9,ONLINE
NC/1,ONLINE
NI/6,ONLINE
NI/2,ONLINE
CI/2,ONLINE
CC/10,ONLINE
CI/3,ONLINE
SI/2,ONLINE
CC/4,ONLINE
NC/7,ONLINE
CI/12,ONLINE
CI/11,ONLINE
NC/3,ONLINE
NC/4,ONLINE
NC/5,ONLINE
SI/4,ONLINE
CI/5,ONLINE
CI/6,ONLINE
CC/1,ONLINE
CC/8,ONLINE
CC/3,ONLINE
CI/1,ONLINE
CI/7,ONLINE
CI/2,ONLINE
NI/1,ONLINE
NI/13,ONLINE
NI/7,ONLINE
CC/5,ONLINE
NC/1,ONLINE
CC/10,ONLINE
NI/14,ONLINE
NI/13,ONLINE
NI/10,ONLINE
SC/2,ONLINE
CC/5,ONLINE
NC/1,ONLINE
SI/2,ONLINE
SC/2,ONLINE
SI/8,ONLINE
NC/8,ONLINE
NC/3,ONLINE
NC/6,ONLINE
NI/14,ONLINE
CI/13,ONLINE
NI/11,ONLINE
CC/7,ONLINE
CI/12,ONLINE
NC/8,ONLINE
CI/13,ONLINE
CC/9,ONLINE
CC/11,ONLINE
NI/1,ONLINE
NI/13,ONLINE
NI/7,ONLINE
CC/5,ONLINE
NC/1,ONLINE
CC/10,ONLINE
SI/2,ONLINE
CI/9,ONLINE
SC/5,ONLINE
NC/9,ONLINE
CC/2,ONLINE
CI/5,ONLINE
NI/10,ONLINE
CI/9,ONLINE
SC/4,ONLINE
CC/8,ONLINE
CC/3,ONLINE
CI/3,ONLINE
CI/4,ONLINE
SI/7,ONLINE
CC/5,ONLINE
NC/4,ONLINE
SI/2,ONLINE
CC/5,ONLINE
NC/1,ONLINE
CC/10,ONLINE
NI/14,ONLINE
CI/4,ONLINE
NI/10,ONLINE
CI/3,ONLINE
CI/13,ONLINE
NC/7,ONLINE
CC/2,ONLINE
CC/11,ONLINE
NI/14,ONLINE
CI/4,ONLINE
CI/9,ONLINE
CC/3,ONLINE
NC/7,ONLINE
SC/5,ONLINE
NI/1,ONLINE
NI/13,ONLINE
NI/7,ONLINE
CC/3,ONLINE
CC/9,ONLINE
CC/6,ONLINE
NI/1,ONLINE
NI/13,ONLINE
NI/7,ONLINE
NC/1,ONLINE
NI/1,ONLINE
NI/13,ONLINE
NI/7,ONLINE
CC/5,ONLINE
NC/1,ONLINE
CC/10,ONLINE
CC/1,ONLINE
CC/4,ONLINE
CC/7,ONLINE
CI/7,ONLINE
CI/2,ONLINE
CC/5,ONLINE
NC/1,ONLINE
CC/10,ONLINE
CC/5,ONLINE
NC/1,ONLINE
CC/10,ONLINE
NI/14,ONLINE
NI/10,ONLINE
SI/7,ONLINE
CC/1,ONLINE
CC/10,ONLINE
CC/12,ONLINE
NI/1,ONLINE
NI/13,ONLINE
NI/7,ONLINE
CC/5,ONLINE
CC/1,ONLINE
CC/9,ONLINE
NI/1,ONLINE
NI/13,ONLINE
NI/7,ONLINE
NC/8,ONLINE
NC/7,ONLINE
NC/1,ONLINE
CI/11,ONLINE
CC/9,ONLINE
NC/7,ONLINE
SC/1,ONLINE
CI/4,ONLINE
SI/8,ONLINE
CI/6,ONLINE
NC/2,ONLINE
SC/3,ONLINE
NC/6,ONLINE
CI/3,ONLINE
CI/1,ONLINE
NI/10,ONLINE
NC/8,ONLINE
SC/6,ONLINE
SC/1,ONLINE
SI/5,ONLINE
NI/12,ONLINE
SC/4,ONLINE
NC/3,ONLINE
NC/5,ONLINE
NI/1,ONLINE
NI/13,ONLINE
NI/7,ONLINE
CC/5,ONLINE
CC/3,ONLINE
CC/11,ONLINE
CI/1,ONLINE
CI/7,ONLINE
NI/10,ONLINE
CI/13,ONLINE
CC/5,ONLINE
SI/2,ONLINE
SC/6,ONLINE
SC/1,ONLINE
NI/12,ONLINE
SC/6,ONLINE
CC/1,ONLINE
CC/9,ONLINE
SC/1,ONLINE
NI/9,ONLINE
NI/10,ONLINE
NI/12,ONLINE
SC/6,ONLINE
CC/1,ONLINE
CC/4,ONLINE
CC/3,ONLINE
CC/7,ONLINE
NC/1,ONLINE
CI/12,ONLINE
CI/11,ONLINE
CC/5,ONLINE
CC/1,ONLINE
CC/2,ONLINE
CI/1,ONLINE
CI/7,ONLINE
CI/2,ONLINE
SC/4,ONLINE
SI/2,ONLINE
NC/1,ONLINE
SC/1,ONLINE
CC/2,ONLINE
NI/3,ONLINE
NI/1,ONLINE
NI/12,ONLINE
CC/1,ONLINE
CC/4,ONLINE
NC/7,ONLINE
CC/6,ONLINE
CC/11,ONLINE
NI/13,ONLINE
CI/6,ONLINE
NI/10,ONLINE
SC/3,ONLINE
CC/11,ONLINE
SI/8,ONLINE
CI/7,ONLINE
NC/1,ONLINE
SC/6,ONLINE
SC/1,ONLINE
NI/1,ONLINE
NI/13,ONLINE
NI/7,ONLINE
CC/5,ONLINE
CC/1,ONLINE
CC/3,ONLINE
CI/12,ONLINE
SI/2,ONLINE
SI/7,ONLINE
CI/1,ONLINE
CI/7,ONLINE
CI/2,ONLINE
CC/1,ONLINE
SC/4,ONLINE
CC/11,ONLINE
CI/3,ONLINE
SI/3,ONLINE
NI/13,ONLINE
SC/4,ONLINE
CC/8,ONLINE
CC/3,ONLINE
CI/4,ONLINE
SI/8,ONLINE
CI/2,ONLINE
CC/5,ONLINE
CC/1,ONLINE
NC/5,ONLINE
CI/13,ONLINE
CI/4,ONLINE
CI/7,ONLINE
CC/5,ONLINE
CC/3,ONLINE
NC/6,ONLINE
CI/3,ONLINE
SI/2,ONLINE
NI/10,ONLINE
NI/1,ONLINE
NI/13,ONLINE
NI/7,ONLINE
CC/5,ONLINE
CC/4,ONLINE
NC/9,ONLINE
SI/3,ONLINE
CI/4,ONLINE
NI/10,ONLINE
NI/1,ONLINE
NI/13,ONLINE
NI/7,ONLINE
CC/3,ONLINE
CC/9,ONLINE
CC/11,ONLINE
SI/2,ONLINE
CI/7,ONLINE
SI/5,ONLINE
NC/7,ONLINE
CI/8,ONLINE
NC/1,ONLINE
CC/10,ONLINE
NC/5,ONLINE
NI/13,ONLINE
NI/10,ONLINE
SC/4,ONLINE
NC/1,ONLINE
CC/12,ONLINE
CI/3,ONLINE
CC/7,ONLINE
SI/4,ONLINE
CI/5,ONLINE
CI/6,ONLINE
NC/3,ONLINE
NC/7,ONLINE
SC/3,ONLINE
CI/3,ONLINE
SI/2,ONLINE
SI/8,ONLINE
NC/8,ONLINE
NC/5,ONLINE
NC/6,ONLINE
NI/1,ONLINE
NI/13,ONLINE
NI/7,ONLINE
CC/5,ONLINE
NC/1,ONLINE
CC/10,ONLINE
NI/14,ONLINE
NI/6,ONLINE
NI/13,ONLINE
NC/7,ONLINE
SC/2,ONLINE
SC/3,ONLINE
CI/13,ONLINE
SI/7,ONLINE
CC/9,ONLINE
CC/6,ONLINE
CC/2,ONLINE
CI/3,ONLINE
CI/4,ONLINE
NI/13,ONLINE
SC/2,ONLINE
SC/3,ONLINE
SI/8,ONLINE
SC/4,ONLINE
NC/6,ONLINE
CC/12,ONLINE
CI/3,ONLINE
SC/2,ONLINE
SC/3,ONLINE
SI/8,ONLINE
CC/1,ONLINE
CC/7,ONLINE
SC/6,ONLINE
CI/12,ONLINE
NI/2,ONLINE
CI/7,ONLINE
SC/2,ONLINE
SC/3,ONLINE
SC/6,ONLINE
SI/2,ONLINE
SI/8,ONLINE
SI/7,ONLINE
CC/7,ONLINE
CC/6,ONLINE
CC/11,ONLINE
CI/6,ONLINE
CI/7,ONLINE
NI/10,ONLINE
CC/5,ONLINE
NC/1,ONLINE
CC/10,ONLINE
CI/3,ONLINE
NI/10,ONLINE
SI/7,ONLINE
SC/4,ONLINE
CC/6,ONLINE
CC/11,ONLINE
NI/1,ONLINE
NI/13,ONLINE
NI/7,ONLINE
CC/7,ONLINE
NC/1,ONLINE
CI/12,ONLINE
CI/11,ONLINE
SC/2,ONLINE
SC/5,ONLINE
SI/3,ONLINE
SI/1,ONLINE
CC/5,ONLINE
CC/4,ONLINE
NC/1,ONLINE
SI/2,ONLINE
NI/10,ONLINE
CI/9,ONLINE
CC/8,ONLINE
NC/7,ONLINE
CC/11,ONLINE
CI/3,ONLINE
NI/13,ONLINE
NI/10,ONLINE
SC/4,ONLINE
CC/2,ONLINE
CC/12,ONLINE
CI/4,ONLINE
SI/6,ONLINE
CC/5,ONLINE
CC/1,ONLINE
NC/1,ONLINE
CI/3,ONLINE
CI/7,ONLINE
CI/2,ONLINE
CC/7,ONLINE
SC/2,ONLINE
SC/3,ONLINE
CI/7,ONLINE
CI/9,ONLINE
CI/8,ONLINE
SC/3,ONLINE
SI/8,ONLINE
NC/7,ONLINE
SC/3,ONLINE
CC/11,ONLINE
SI/8,ONLINE
NC/3,ONLINE
SC/3,ONLINE
NI/14,ONLINE
CC/7,ONLINE
CC/3,ONLINE
CC/9,ONLINE
SI/2,ONLINE
NI/13,ONLINE
CC/3,ONLINE
CC/9,ONLINE
SI/3,ONLINE
SI/1,ONLINE
SI/7,ONLINE
CC/3,ONLINE
CC/9,ONLINE
CC/10,ONLINE
CC/10,ONLINE
NC/9,ONLINE
CC/12,ONLINE
CI/1,ONLINE
CI/7,ONLINE
CI/2,ONLINE
CC/3,ONLINE
CC/9,ONLINE
CC/10,ONLINE
CI/4,ONLINE
CI/11,ONLINE
SC/4,ONLINE
CI/4,ONLINE
CC/1,ONLINE
SC/4,ONLINE
NC/7,ONLINE
NI/14,ONLINE
NI/9,ONLINE
SI/7,ONLINE
CC/3,ONLINE
SC/2,ONLINE
SC/3,ONLINE
NI/9,ONLINE
SI/2,ONLINE
SI/8,ONLINE
SC/4,ONLINE
SC/2,ONLINE
SC/3,ONLINE
SI/8,ONLINE
NI/1,ONLINE
CI/8,ONLINE
CI/4,ONLINE
CC/1,ONLINE
SC/4,ONLINE
NC/1,ONLINE
CI/4,ONLINE
CI/7,ONLINE
CI/2,ONLINE
CI/4,ONLINE
CC/1,ONLINE
CC/4,ONLINE
CC/3,ONLINE
SI/3,ONLINE
CI/4,ONLINE
CC/7,ONLINE
CC/11,ONLINE
CC/12,ONLINE
CI/7,ONLINE
CI/10,ONLINE
CI/8,ONLINE
NC/5,ONLINE
NC/6,ONLINE
NI/10,ONLINE
SC/4,ONLINE
SC/6,ONLINE
CC/3,ONLINE
NC/7,ONLINE
SC/3,ONLINE
SI/2,ONLINE
CI/9,ONLINE
CI/8,ONLINE
SC/3,ONLINE
NI/7,ONLINE
CI/12,ONLINE
CI/11,ONLINE
NC/3,ONLINE
NC/4,ONLINE
NC/9,ONLINE
NI/1,ONLINE
NI/13,ONLINE
NI/7,ONLINE
CC/6,ONLINE
SI/2,ONLINE
CC/5,ONLINE
NC/1,ONLINE
CC/10,ONLINE
CC/5,ONLINE
NC/1,ONLINE
CC/10,ONLINE
CC/1,ONLINE
NC/8,ONLINE
SC/1,ONLINE
NI/1,ONLINE
NI/13,ONLINE
NI/12,ONLINE
SC/3,ONLINE
NC/1,ONLINE
CC/2,ONLINE
NI/14,ONLINE
CI/3,ONLINE
NI/10,ONLINE
SC/4,ONLINE
SC/2,ONLINE
CC/10,ONLINE
NI/6,ONLINE
NI/2,ONLINE
NI/10,ONLINE
CC/5,ONLINE
SC/2,ONLINE
CC/6,ONLINE
SI/8,ONLINE
NI/1,ONLINE
NI/13,ONLINE
NI/7,ONLINE
CC/4,ONLINE
CC/12,ONLINE
NI/1,ONLINE
NI/13,ONLINE
NI/7,ONLINE
NI/1,ONLINE
NI/13,ONLINE
NI/7,ONLINE
CC/4,ONLINE
NI/1,ONLINE
NI/13,ONLINE
NI/7,ONLINE
CI/3,ONLINE
NI/1,ONLINE
NI/7,ONLINE
NI/1,ONLINE
NI/13,ONLINE
NI/7,ONLINE
NI/1,ONLINE
NI/13,ONLINE
NI/7,ONLINE
CC/11,ONLINE
NI/1,ONLINE
NI/13,ONLINE
NI/7,ONLINE
NI/1,ONLINE
NI/13,ONLINE
NI/7,ONLINE
NI/1,ONLINE
NI/13,ONLINE
NI/7,ONLINE
CC/1,ONLINE
NC/3,ONLINE
NC/5,ONLINE
CI/3,ONLINE
NI/1,ONLINE
NI/13,ONLINE
NI/1,ONLINE
NI/13,ONLINE
NI/7,ONLINE
NI/1,ONLINE
NI/13,ONLINE
NI/7,ONLINE
CC/5,ONLINE
NI/1,ONLINE
NI/13,ONLINE
NI/7,ONLINE
NI/1,ONLINE
NI/13,ONLINE
NI/7,ONLINE
NC/7,ONLINE
NI/1,ONLINE
NI/13,ONLINE
NI/7,ONLINE
CC/1,ONLINE
SC/1,ONLINE
NC/6,ONLINE
CI/3,ONLINE
NI/13,ONLINE
SI/1,ONLINE
NC/2,ONLINE
NC/9,ONLINE
NC/6,ONLINE
NI/5,ONLINE
NI/1,ONLINE
NI/12,ONLINE
CC/3,ONLINE
NC/7,ONLINE
CC/11,ONLINE
CI/3,ONLINE
NI/13,ONLINE
NI/7,ONLINE
NI/1,ONLINE
NI/13,ONLINE
NI/7,ONLINE
CC/5,ONLINE
NC/6,ONLINE
CC/2,ONLINE
CI/3,ONLINE
NI/1,ONLINE
NI/7,ONLINE
NI/1,ONLINE
NI/13,ONLINE
NI/7,ONLINE
CC/9,ONLINE
SC/3,ONLINE
NC/9,ONLINE
CI/3,ONLINE
NI/1,ONLINE
NI/7,ONLINE
NI/1,ONLINE
NI/13,ONLINE
NI/7,ONLINE
NC/2,ONLINE
NC/7,ONLINE
SC/1,ONLINE
NI/1,ONLINE
NI/13,ONLINE
NI/7,ONLINE
CC/1,ONLINE
CC/3,ONLINE
NC/7,ONLINE
NI/1,ONLINE
NI/13,ONLINE
NI/7,ONLINE
NI/1,ONLINE
NI/13,ONLINE
NI/7,ONLINE
CC/5,ONLINE
NC/2,ONLINE
NC/8,ONLINE
NI/5,ONLINE
NI/1,ONLINE
NI/12,ONLINE
NI/1,ONLINE
NI/13,ONLINE
NI/7,ONLINE
CC/1,ONLINE
NC/2,ONLINE
SC/2,ONLINE
NI/1,ONLINE
NI/13,ONLINE
NI/7,ONLINE
SC/4,ONLINE
NC/7,ONLINE
NC/5,ONLINE
NI/5,ONLINE
NI/1,ONLINE
NI/13,ONLINE
NI/1,ONLINE
NI/13,ONLINE
NI/7,ONLINE
CC/12,ONLINE
NI/1,ONLINE
NI/13,ONLINE
NI/7,ONLINE
CC/1,ONLINE
NC/2,ONLINE
NI/5,ONLINE
NC/2,ONLINE
NC/4,ONLINE
NC/5,ONLINE
NI/1,ONLINE
NI/7,ONLINE
NI/12,ONLINE
NI/1,ONLINE
NI/13,ONLINE
NI/7,ONLINE
NC/2,ONLINE
CC/9,ONLINE
NC/4,ONLINE
CI/13,ONLINE
SI/2,ONLINE
NI/1,ONLINE
CC/3,ONLINE
NC/4,ONLINE
NC/6,ONLINE
NI/1,ONLINE
NI/7,ONLINE
CI/10,ONLINE
SC/4,ONLINE
NC/2,ONLINE
NC/7,ONLINE
CI/11,ONLINE
NI/8,ONLINE
NI/1,ONLINE
SC/6,ONLINE
SC/6,ONLINE
SI/2,ONLINE
CI/8,ONLINE
SC/4,ONLINE
SC/6,ONLINE
NI/3,ONLINE
NI/1,ONLINE
SC/6,ONLINE
SC/6,ONLINE
SC/1,ONLINE
SC/6,ONLINE
CC/5,ONLINE
SC/4,ONLINE
SC/6,ONLINE
NI/14,ONLINE
NI/10,ONLINE
CI/8,ONLINE
SC/6,ONLINE
SC/6,ONLINE
SC/4,ONLINE
SC/2,ONLINE
NC/1,ONLINE
NI/14,ONLINE
NI/10,ONLINE
NI/12,ONLINE
SC/6,ONLINE
NI/14,ONLINE
SC/6,ONLINE
SC/4,ONLINE
SC/6,ONLINE
SI/3,ONLINE
SI/7,ONLINE
SC/6,ONLINE
SC/2,ONLINE
SC/3,ONLINE
SC/6,ONLINE
SI/2,ONLINE
SI/8,ONLINE
SI/6,ONLINE
CC/1,ONLINE
CC/9,ONLINE
NC/7,ONLINE
NI/10,ONLINE
SI/1,ONLINE
CI/10,ONLINE
CC/1,ONLINE
SC/6,ONLINE
CI/7,ONLINE
SC/6,ONLINE
CC/1,ONLINE
CC/3,ONLINE
CC/11,ONLINE
CI/1,ONLINE
CI/7,ONLINE
CI/2,ONLINE
SC/6,ONLINE
CC/9,ONLINE
SC/3,ONLINE
SC/6,ONLINE
NI/5,ONLINE
NI/14,ONLINE
NI/8,ONLINE
SC/6,ONLINE
NC/8,ONLINE
SC/6,ONLINE
CC/11,ONLINE
NI/14,ONLINE
CI/11,ONLINE
CI/3,ONLINE
SC/6,ONLINE
NC/4,ONLINE
SC/6,ONLINE
CC/11,ONLINE
NI/14,ONLINE
CI/3,ONLINE
SI/2,ONLINE
SC/2,ONLINE
SC/6,ONLINE
SC/5,ONLINE
CI/1,ONLINE
CI/7,ONLINE
CI/8,ONLINE
CC/3,ONLINE
CI/3,ONLINE
CI/7,ONLINE
CI/2,ONLINE
SC/5,ONLINE
CI/9,ONLINE
CC/5,ONLINE
CC/3,ONLINE
NC/1,ONLINE
CI/3,ONLINE
SI/2,ONLINE
CI/7,ONLINE
CC/9,ONLINE
NC/1,ONLINE
CC/11,ONLINE
NI/5,ONLINE
CI/1,ONLINE
CI/7,ONLINE
CC/5,ONLINE
NC/1,ONLINE
CC/10,ONLINE
CC/5,ONLINE
NC/1,ONLINE
CC/10,ONLINE
CI/13,ONLINE
CC/5,ONLINE
NC/1,ONLINE
CC/10,ONLINE
CI/3,ONLINE
CI/10,ONLINE
CI/8,ONLINE
CC/5,ONLINE
CC/10,ONLINE
NC/9,ONLINE
CI/7,ONLINE
CI/2,ONLINE
NI/12,ONLINE
CC/10,ONLINE
NI/2,ONLINE
CC/5,ONLINE
SC/4,ONLINE
NC/1,ONLINE
CI/4,ONLINE
CI/7,ONLINE
SI/7,ONLINE
CC/5,ONLINE
CC/1,ONLINE
SC/4,ONLINE
CI/6,ONLINE
CI/9,ONLINE
CI/8,ONLINE
CC/5,ONLINE
NC/1,ONLINE
CC/10,ONLINE
CI/7,ONLINE
NC/9,ONLINE
NI/1,ONLINE
NI/13,ONLINE
NI/7,ONLINE
SC/4,ONLINE
CC/3,ONLINE
NC/6,ONLINE
NI/3,ONLINE
NI/13,ONLINE
NI/7,ONLINE
CC/5,ONLINE
NC/1,ONLINE
CC/10,ONLINE
CI/3,ONLINE
SI/4,ONLINE
SI/6,ONLINE
CC/4,ONLINE
CI/12,ONLINE
CC/5,ONLINE
NC/1,ONLINE
CC/10,ONLINE
CC/5,ONLINE
SC/1,ONLINE
SC/5,ONLINE
CI/7,ONLINE
SI/5,ONLINE
SI/6,ONLINE
CC/5,ONLINE
SC/1,ONLINE
CC/10,ONLINE
SI/5,ONLINE
SI/6,ONLINE
SC/5,ONLINE
SI/3,ONLINE
SI/1,ONLINE
SI/7,ONLINE
SC/3,ONLINE
SC/1,ONLINE
SC/5,ONLINE
SI/3,ONLINE
SI/1,ONLINE
SI/7,ONLINE
CC/4,ONLINE
NC/1,ONLINE
CC/2,ONLINE
NI/14,ONLINE
CI/2,ONLINE
NI/10,ONLINE
SC/4,ONLINE
SC/6,ONLINE
SC/1,ONLINE
SI/3,ONLINE
SI/1,ONLINE
SI/7,ONLINE
CC/4,ONLINE
CC/8,ONLINE
SC/5,ONLINE
SI/3,ONLINE
SI/1,ONLINE
SI/7,ONLINE
SC/1,ONLINE
SI/5,ONLINE
CC/5,ONLINE
NC/1,ONLINE
CC/10,ONLINE
SI/2,ONLINE
CI/9,ONLINE
CI/8,ONLINE
SI/3,ONLINE
SI/1,ONLINE
SI/7,ONLINE
SI/3,ONLINE
SI/1,ONLINE
SI/7,ONLINE
CC/9,ONLINE
SC/1,ONLINE
SC/5,ONLINE
SI/5,ONLINE
SI/6,ONLINE
SI/1,ONLINE
SI/3,ONLINE
SI/1,ONLINE
SI/7,ONLINE
CC/5,ONLINE
CC/10,ONLINE
CC/8,ONLINE
SC/2,ONLINE
SI/4,ONLINE
CI/5,ONLINE
SI/3,ONLINE
SI/1,ONLINE
SI/7,ONLINE
SI/3,ONLINE
SI/1,ONLINE
SI/7,ONLINE
SI/3,ONLINE
SI/1,ONLINE
SI/7,ONLINE
SI/3,ONLINE
SI/2,ONLINE
SI/5,ONLINE
SI/3,ONLINE
SI/1,ONLINE
SI/7,ONLINE
SI/3,ONLINE
SI/1,ONLINE
SI/7,ONLINE
SC/2,ONLINE
SC/3,ONLINE
SI/3,ONLINE
SI/1,ONLINE
SI/7,ONLINE
SC/1,ONLINE
SC/5,ONLINE
SI/3,ONLINE
SI/1,ONLINE
SI/7,ONLINE
SI/3,ONLINE
SI/1,ONLINE
SI/7,ONLINE
SI/3,ONLINE
SI/1,ONLINE
SI/7,ONLINE
SI/3,ONLINE
SI/1,ONLINE
SI/7,ONLINE
SC/1,ONLINE
SC/5,ONLINE
SI/3,ONLINE
SI/1,ONLINE
SI/7,ONLINE
CC/3,ONLINE
NC/7,ONLINE
NC/5,ONLINE
NI/5,ONLINE
NI/9,ONLINE
NI/7,ONLINE
SC/1,ONLINE
SC/5,ONLINE
SI/5,ONLINE
SI/1,ONLINE
SI/7,ONLINE
SI/3,ONLINE
SI/1,ONLINE
SI/7,ONLINE
CC/4,ONLINE
NC/1,ONLINE
CC/6,ONLINE
CI/12,ONLINE
NI/7,ONLINE
NI/10,ONLINE
SC/1,ONLINE
SC/5,ONLINE
SI/3,ONLINE
SI/1,ONLINE
SI/7,ONLINE
SC/1,ONLINE
SC/5,ONLINE
SI/3,ONLINE
SI/5,ONLINE
SI/7,ONLINE
CC/5,ONLINE
CC/7,ONLINE
NC/7,ONLINE
NI/4,ONLINE
CI/12,ONLINE
NI/11,ONLINE
CC/5,ONLINE
CC/10,ONLINE
SI/3,ONLINE
SI/5,ONLINE
SI/6,ONLINE
SC/2,ONLINE
SC/3,ONLINE
SI/3,ONLINE
SI/1,ONLINE
SI/7,ONLINE
SC/2,ONLINE
SC/3,ONLINE
SI/3,ONLINE
SI/1,ONLINE
SI/7,ONLINE
SC/2,ONLINE
SC/5,ONLINE
CC/6,ONLINE
CI/5,ONLINE
NI/10,ONLINE
CI/9,ONLINE
SI/3,ONLINE
SI/1,ONLINE
SI/7,ONLINE
SI/2,ONLINE
SI/1,ONLINE
SI/7,ONLINE
SI/3,ONLINE
SI/1,ONLINE
SI/7,ONLINE
CC/4,ONLINE
NC/6,ONLINE
CC/11,ONLINE
SI/3,ONLINE
SI/1,ONLINE
SI/7,ONLINE
SI/3,ONLINE
SI/1,ONLINE
SI/7,ONLINE
SI/3,ONLINE
SI/1,ONLINE
SI/7,ONLINE
SI/3,ONLINE
SI/1,ONLINE
SI/7,ONLINE
NC/1,ONLINE
NC/5,ONLINE
NC/6,ONLINE
SI/3,ONLINE
SI/1,ONLINE
SI/7,ONLINE
SI/3,ONLINE
SI/1,ONLINE
SI/7,ONLINE
SI/3,ONLINE
SI/1,ONLINE
SI/7,ONLINE
SI/3,ONLINE
SI/1,ONLINE
SI/7,ONLINE
SI/3,ONLINE
SI/1,ONLINE
SI/7,ONLINE
CC/4,ONLINE
NC/1,ONLINE
CC/11,ONLINE
SI/3,ONLINE
SI/1,ONLINE
SI/7,ONLINE
SI/3,ONLINE
SI/1,ONLINE
SI/7,ONLINE
SC/3,ONLINE
SC/1,ONLINE
SI/3,ONLINE
SI/1,ONLINE
SI/7,ONLINE
SI/3,ONLINE
SI/1,ONLINE
SI/7,ONLINE
NC/7,ONLINE
NC/9,ONLINE
SI/3,ONLINE
SI/1,ONLINE
SI/7,ONLINE
SI/3,ONLINE
SI/1,ONLINE
SI/7,ONLINE
SI/3,ONLINE
SI/1,ONLINE
SI/7,ONLINE
SI/3,ONLINE
SI/1,ONLINE
SI/7,ONLINE
SI/3,ONLINE
SI/1,ONLINE
SI/7,ONLINE
SI/3,ONLINE
SI/1,ONLINE
SI/7,ONLINE
NC/7,ONLINE
CC/1,ONLINE
NC/1,ONLINE
CC/10,ONLINE
NI/7,ONLINE
CI/2,ONLINE
NI/10,ONLINE
NC/7,ONLINE
NC/1,ONLINE
NC/9,ONLINE
NI/14,ONLINE
NI/2,ONLINE
NI/12,ONLINE
SC/2,ONLINE
SC/1,ONLINE
SC/5,ONLINE
SI/4,ONLINE
SI/5,ONLINE
CC/5,ONLINE
CC/1,ONLINE
CC/12,ONLINE
NI/14,ONLINE
CI/3,ONLINE
NI/10,ONLINE
SC/6,ONLINE
SI/4,ONLINE
NI/10,ONLINE
SC/4,ONLINE
SC/6,ONLINE
NC/9,ONLINE
CC/1,ONLINE
CC/10,ONLINE
CI/13,ONLINE
CC/5,ONLINE
SC/1,ONLINE
NC/9,ONLINE
CI/4,ONLINE
SI/5,ONLINE
NI/12,ONLINE
CC/5,ONLINE
NC/1,ONLINE
CC/10,ONLINE
NI/6,ONLINE
SI/4,ONLINE
CI/10,ONLINE
CC/5,ONLINE
NC/1,ONLINE
NC/9,ONLINE
NI/14,ONLINE
CI/3,ONLINE
CI/13,ONLINE
CC/7,ONLINE
NC/2,ONLINE
NC/7,ONLINE
CI/12,ONLINE
CI/11,ONLINE
CI/7,ONLINE
NC/9,ONLINE
CC/5,ONLINE
NC/1,ONLINE
CC/10,ONLINE
CI/13,ONLINE
CI/4,ONLINE
CC/5,ONLINE
NC/1,ONLINE
CC/10,ONLINE
CC/7,ONLINE
NC/1,ONLINE
CC/11,ONLINE
CI/12,ONLINE
CI/11,ONLINE
CI/1,ONLINE
CC/9,ONLINE
NC/9,ONLINE
NI/10,ONLINE
CC/8,ONLINE
CC/6,ONLINE
CC/11,ONLINE
CI/7,ONLINE
CI/2,ONLINE
CI/4,ONLINE
SI/3,ONLINE
SI/1,ONLINE
SI/7,ONLINE
SC/2,ONLINE
SC/3,ONLINE
SI/3,ONLINE
SI/8,ONLINE
SI/7,ONLINE
CC/1,ONLINE
CC/6,ONLINE
CI/1,ONLINE
CI/2,ONLINE
CI/10,ONLINE
SC/2,ONLINE
SC/6,ONLINE
NC/5,ONLINE
NI/9,ONLINE
CI/11,ONLINE
CI/4,ONLINE
SC/2,ONLINE
SC/3,ONLINE
SI/3,ONLINE
SI/8,ONLINE
SI/7,ONLINE
SI/3,ONLINE
SI/1,ONLINE
SI/7,ONLINE
SC/3,ONLINE
NI/2,ONLINE
NI/13,ONLINE
CI/7,ONLINE
NC/2,ONLINE
NC/8,ONLINE
NC/3,ONLINE
NI/14,ONLINE
NI/11,ONLINE
NI/8,ONLINE
NC/2,ONLINE
NC/8,ONLINE
NC/3,ONLINE
NI/14,ONLINE
NI/3,ONLINE
NI/4,ONLINE
CC/1,ONLINE
CC/4,ONLINE
CC/2,ONLINE
CI/6,ONLINE
CI/2,ONLINE
CI/9,ONLINE
CC/1,ONLINE
CC/4,ONLINE
CC/10,ONLINE
SI/3,ONLINE
SI/4,ONLINE
SI/7,ONLINE
SC/4,ONLINE
NC/3,ONLINE
SC/2,ONLINE
CI/11,ONLINE
CI/10,ONLINE
CC/8,ONLINE
CC/6,ONLINE
CC/11,ONLINE
CI/1,ONLINE
CI/7,ONLINE
CI/2,ONLINE
SC/4,ONLINE
CC/3,ONLINE
NC/9,ONLINE
CI/3,ONLINE
SI/2,ONLINE
CC/9,ONLINE
NC/7,ONLINE
NC/6,ONLINE
CI/3,ONLINE
SI/2,ONLINE
CC/5,ONLINE
NC/1,ONLINE
CC/10,ONLINE
NI/14,ONLINE
CI/3,ONLINE
NI/12,ONLINE
NC/2,ONLINE
NC/8,ONLINE
NC/3,ONLINE
NI/4,ONLINE
NI/11,ONLINE
NI/12,ONLINE
SC/2,ONLINE
SC/3,ONLINE
SI/8,ONLINE
CC/5,ONLINE
NC/1,ONLINE
CC/10,ONLINE
SC/2,ONLINE
SC/3,ONLINE
CC/11,ONLINE
CI/3,ONLINE
SI/8,ONLINE
NI/13,ONLINE
CC/11,ONLINE
CI/13,ONLINE
SI/2,ONLINE
CI/2,ONLINE
CC/4,ONLINE
CC/8,ONLINE
CC/6,ONLINE
CI/3,ONLINE
CI/7,ONLINE
CI/9,ONLINE
CC/5,ONLINE
SC/2,ONLINE
CC/10,ONLINE
NI/14,ONLINE
SI/8,ONLINE
NI/13,ONLINE
CC/5,ONLINE
NI/10,ONLINE
CC/5,ONLINE
NC/1,ONLINE
CC/10,ONLINE
NI/14,ONLINE
NI/13,ONLINE
SI/4,ONLINE
CC/5,ONLINE
CC/4,ONLINE
CC/10,ONLINE
NI/14,ONLINE
SI/2,ONLINE
CI/6,ONLINE
CC/5,ONLINE
NC/1,ONLINE
CC/10,ONLINE
CC/5,ONLINE
NC/1,ONLINE
CC/10,ONLINE
CI/3,ONLINE
SI/5,ONLINE
NI/12,ONLINE
NC/7,ONLINE
NI/13,ONLINE
CI/7,ONLINE
CC/3,ONLINE
NC/7,ONLINE
CC/12,ONLINE
NI/14,ONLINE
CI/3,ONLINE
CI/8,ONLINE
NC/7,ONLINE
NC/7,ONLINE
CI/7,ONLINE
NI/12,ONLINE
NC/7,ONLINE
NC/6,ONLINE
NI/14,ONLINE
SI/2,ONLINE
NC/7,ONLINE
NC/1,ONLINE
CI/10,ONLINE
CI/9,ONLINE
SC/2,ONLINE
SC/3,ONLINE
CC/6,ONLINE
NI/14,ONLINE
SI/8,ONLINE
NC/7,ONLINE
NI/9,ONLINE
NC/7,ONLINE
CI/7,ONLINE
CC/5,ONLINE
CC/1,ONLINE
CC/12,ONLINE
CI/7,ONLINE
CI/2,ONLINE
CI/9,ONLINE
NC/2,ONLINE
NC/8,ONLINE
NC/3,ONLINE
NI/14,ONLINE
NI/4,ONLINE
NI/11,ONLINE
CC/5,ONLINE
CC/7,ONLINE
CC/8,ONLINE
SI/2,ONLINE
CI/5,ONLINE
CI/7,ONLINE
NC/8,ONLINE
CC/6,ONLINE
NC/6,ONLINE
NI/3,ONLINE
CI/7,ONLINE
NI/10,ONLINE
CC/5,ONLINE
NC/7,ONLINE
NC/1,ONLINE
CI/3,ONLINE
CI/4,ONLINE
NI/10,ONLINE
CC/7,ONLINE
NC/7,ONLINE
CI/3,ONLINE
CI/4,ONLINE
CI/7,ONLINE
CC/6,ONLINE
CC/10,ONLINE
NC/6,ONLINE
CI/4,ONLINE
CI/1,ONLINE
CI/2,ONLINE
CC/1,ONLINE
CC/9,ONLINE
NC/7,ONLINE
SI/2,ONLINE
CI/2,ONLINE
CI/8,ONLINE
CC/9,ONLINE
NC/3,ONLINE
SC/1,ONLINE
NI/14,ONLINE
NI/13,ONLINE
NI/10,ONLINE
NC/7,ONLINE
NC/9,ONLINE
NC/6,ONLINE
NI/14,ONLINE
NI/7,ONLINE
NI/10,ONLINE
NC/7,ONLINE
CI/3,ONLINE
SI/2,ONLINE
NI/10,ONLINE
NC/7,ONLINE
CI/9,ONLINE
NC/7,ONLINE
SI/2,ONLINE
NI/10,ONLINE
CC/5,ONLINE
NC/1,ONLINE
CC/10,ONLINE
SI/4,ONLINE
NI/10,ONLINE
CI/8,ONLINE
NC/7,ONLINE
CI/9,ONLINE
CC/5,ONLINE
CC/9,ONLINE
CC/10,ONLINE
CI/3,ONLINE
CI/1,ONLINE
NI/10,ONLINE
NC/7,ONLINE
CI/9,ONLINE
NC/2,ONLINE
NC/8,ONLINE
NC/3,ONLINE
NI/5,ONLINE
NI/14,ONLINE
NI/8,ONLINE
CC/1,ONLINE
SC/6,ONLINE
NC/9,ONLINE
CI/3,ONLINE
CI/7,ONLINE
NI/10,ONLINE
NC/2,ONLINE
NC/8,ONLINE
NC/3,ONLINE
NI/14,ONLINE
NI/4,ONLINE
NI/11,ONLINE
CC/4,ONLINE
CC/5,ONLINE
CC/3,ONLINE
NC/9,ONLINE
NI/14,ONLINE
CI/7,ONLINE
SI/7,ONLINE
SC/4,ONLINE
NC/7,ONLINE
CC/2,ONLINE
NI/14,ONLINE
CI/3,ONLINE
NI/10,ONLINE
NC/3,ONLINE
NC/9,ONLINE
NI/3,ONLINE
NI/12,ONLINE
NC/2,ONLINE
NC/8,ONLINE
NC/3,ONLINE
NI/14,ONLINE
NI/4,ONLINE
NI/11,ONLINE
NC/2,ONLINE
NC/8,ONLINE
NC/3,ONLINE
NI/14,ONLINE
NI/11,ONLINE
NI/8,ONLINE
NC/2,ONLINE
NC/8,ONLINE
NC/3,ONLINE
NI/14,ONLINE
NI/4,ONLINE
NI/11,ONLINE
NC/2,ONLINE
NC/8,ONLINE
NC/3,ONLINE
NI/14,ONLINE
NI/4,ONLINE
NI/11,ONLINE
NC/2,ONLINE
NC/8,ONLINE
NC/3,ONLINE
NI/14,ONLINE
NI/4,ONLINE
NI/11,ONLINE
NC/2,ONLINE
NC/8,ONLINE
NC/3,ONLINE
NI/14,ONLINE
NI/4,ONLINE
NI/11,ONLINE
NC/2,ONLINE
NC/8,ONLINE
NC/3,ONLINE
NI/14,ONLINE
NI/4,ONLINE
NI/11,ONLINE
NC/2,ONLINE
NC/8,ONLINE
NC/3,ONLINE
NI/4,ONLINE
NI/9,ONLINE
NI/11,ONLINE
NC/2,ONLINE
NC/8,ONLINE
NC/3,ONLINE
NI/14,ONLINE
NI/4,ONLINE
NI/11,ONLINE
NC/2,ONLINE
NC/8,ONLINE
NC/3,ONLINE
NI/14,ONLINE
NI/9,ONLINE
NI/11,ONLINE
NC/2,ONLINE
NC/8,ONLINE
NC/3,ONLINE
NI/14,ONLINE
NI/4,ONLINE
NI/11,ONLINE
NC/2,ONLINE
NC/8,ONLINE
NC/3,ONLINE
NI/14,ONLINE
NI/4,ONLINE
NI/11,ONLINE
NC/2,ONLINE
NC/8,ONLINE
NC/3,ONLINE
NI/14,ONLINE
NI/4,ONLINE
NI/11,ONLINE
NC/2,ONLINE
NC/8,ONLINE
NC/3,ONLINE
NI/4,ONLINE
NI/9,ONLINE
NI/11,ONLINE
NC/2,ONLINE
NC/8,ONLINE
NC/3,ONLINE
NI/14,ONLINE
NI/4,ONLINE
NI/9,ONLINE
NC/2,ONLINE
NC/8,ONLINE
NC/3,ONLINE
NI/14,ONLINE
NI/4,ONLINE
NI/11,ONLINE
SC/4,ONLINE
CC/6,ONLINE
NI/1,ONLINE
NI/13,ONLINE
NI/7,ONLINE
NC/2,ONLINE
NC/8,ONLINE
NC/3,ONLINE
NI/14,ONLINE
NI/4,ONLINE
NI/11,ONLINE
NC/2,ONLINE
NC/3,ONLINE
NI/14,ONLINE
NI/9,ONLINE
NI/11,ONLINE
NC/2,ONLINE
NC/3,ONLINE
NI/4,ONLINE
NI/9,ONLINE
NI/11,ONLINE
NC/2,ONLINE
NC/3,ONLINE
NI/4,ONLINE
NI/11,ONLINE
NI/12,ONLINE
NC/2,ONLINE
NC/3,ONLINE
NI/4,ONLINE
NI/9,ONLINE
NI/11,ONLINE
NC/2,ONLINE
NC/3,ONLINE
NI/4,ONLINE
NI/9,ONLINE
NI/11,ONLINE
NC/2,ONLINE
NC/3,ONLINE
NI/14,ONLINE
NI/4,ONLINE
NI/9,ONLINE
NC/3,ONLINE
NI/4,ONLINE
NI/11,ONLINE
NI/12,ONLINE
NC/2,ONLINE
NC/3,ONLINE
NI/4,ONLINE
NI/9,ONLINE
NI/11,ONLINE
NC/2,ONLINE
NC/8,ONLINE
NC/3,ONLINE
NI/3,ONLINE
NI/4,ONLINE
NI/11,ONLINE
NC/2,ONLINE
NC/3,ONLINE
NI/14,ONLINE
NI/4,ONLINE
NI/11,ONLINE
CC/1,ONLINE
CC/9,ONLINE
CC/12,ONLINE
CI/1,ONLINE
CI/7,ONLINE
CI/2,ONLINE
CC/1,ONLINE
NC/7,ONLINE
NC/9,ONLINE
CI/2,ONLINE
CI/10,ONLINE
CI/8,ONLINE
NC/2,ONLINE
NC/3,ONLINE
NI/4,ONLINE
NI/9,ONLINE
NI/11,ONLINE
NC/2,ONLINE
NC/3,ONLINE
NI/14,ONLINE
NI/4,ONLINE
NI/11,ONLINE
NC/2,ONLINE
NC/3,ONLINE
NI/4,ONLINE
NI/9,ONLINE
NI/11,ONLINE
NC/8,ONLINE
NC/3,ONLINE
NI/14,ONLINE
NI/4,ONLINE
NI/11,ONLINE
NC/2,ONLINE
NC/8,ONLINE
NC/3,ONLINE
NI/14,ONLINE
NI/4,ONLINE
NI/11,ONLINE
NC/2,ONLINE
NC/8,ONLINE
NC/3,ONLINE
NI/4,ONLINE
NI/9,ONLINE
NI/11,ONLINE
NC/2,ONLINE
NC/8,ONLINE
NC/3,ONLINE
NI/4,ONLINE
NI/9,ONLINE
NI/11,ONLINE
NC/8,ONLINE
NC/3,ONLINE
NI/4,ONLINE
NI/9,ONLINE
NI/11,ONLINE
NC/2,ONLINE
NC/8,ONLINE
NC/3,ONLINE
NI/4,ONLINE
NI/9,ONLINE
NI/11,ONLINE
NC/2,ONLINE
NC/8,ONLINE
NC/3,ONLINE
NI/14,ONLINE
NI/4,ONLINE
NI/9,ONLINE
CC/7,ONLINE
NC/2,ONLINE
SC/3,ONLINE
NI/9,ONLINE
NI/10,ONLINE
CI/9,ONLINE
CC/5,ONLINE
CC/4,ONLINE
CC/11,ONLINE
NI/14,ONLINE
CI/3,ONLINE
CI/12,ONLINE
CI/11,ONLINE
CI/8,ONLINE
CC/3,ONLINE
NC/7,ONLINE
NC/6,ONLINE
NI/6,ONLINE
NI/2,ONLINE
CC/8,ONLINE
NC/7,ONLINE
NC/6,ONLINE
NI/6,ONLINE
NI/2,ONLINE
CC/5,ONLINE
NC/1,ONLINE
CC/10,ONLINE
CI/3,ONLINE
CI/2,ONLINE
NI/12,ONLINE
CC/1,ONLINE
NC/2,ONLINE
CC/6,ONLINE
CI/10,ONLINE
CI/9,ONLINE
CI/8,ONLINE
CC/5,ONLINE
NC/2,ONLINE
NC/8,ONLINE
NI/9,ONLINE
NI/11,ONLINE
NI/12,ONLINE
NC/2,ONLINE
NC/8,ONLINE
NI/11,ONLINE
NI/8,ONLINE
NI/12,ONLINE
NC/2,ONLINE
NC/8,ONLINE
NC/3,ONLINE
NI/4,ONLINE
NI/11,ONLINE
NI/8,ONLINE
SI/2,ONLINE
SI/2,ONLINE
SI/2,ONLINE
SI/2,ONLINE
SI/2,ONLINE
SI/2,ONLINE
SI/2,ONLINE
SI/2,ONLINE
SI/2,ONLINE
SI/1,ONLINE
SI/2,ONLINE
SI/2,ONLINE
SI/2,ONLINE
SI/2,ONLINE
SI/2,ONLINE
SI/2,ONLINE
CC/5,ONLINE
SC/1,ONLINE
SC/5,ONLINE
SI/5,ONLINE
SI/6,ONLINE
SI/2,ONLINE
NC/8,ONLINE
NC/7,ONLINE
NC/9,ONLINE
NI/14,ONLINE
NI/4,ONLINE
NI/12,ONLINE
SI/2,ONLINE
CC/5,ONLINE
SC/1,ONLINE
SC/5,ONLINE
SI/5,ONLINE
SI/6,ONLINE
NC/8,ONLINE
NC/7,ONLINE
NC/9,ONLINE
NI/14,ONLINE
NI/4,ONLINE
NI/12,ONLINE
CC/5,ONLINE
SC/1,ONLINE
SC/5,ONLINE
SI/5,ONLINE
SI/6,ONLINE
CC/5,ONLINE
SC/1,ONLINE
SC/5,ONLINE
SI/5,ONLINE
SI/6,ONLINE
CC/5,ONLINE
SC/1,ONLINE
SC/5,ONLINE
SI/5,ONLINE
SI/6,ONLINE
CC/5,ONLINE
SC/1,ONLINE
SC/5,ONLINE
SI/5,ONLINE
SI/6,ONLINE
CC/5,ONLINE
SC/1,ONLINE
SC/5,ONLINE
SI/5,ONLINE
SI/6,ONLINE
CC/5,ONLINE
SC/4,ONLINE
CC/10,ONLINE
SI/2,ONLINE
CI/6,ONLINE
CI/8,ONLINE
CC/5,ONLINE
CC/10,ONLINE
NC/9,ONLINE
CI/3,ONLINE
SI/2,ONLINE
SI/1,ONLINE
NC/1,ONLINE
SC/6,ONLINE
NC/6,ONLINE
CI/10,ONLINE
CI/9,ONLINE
CI/8,ONLINE
SC/4,ONLINE
CC/8,ONLINE
NC/7,ONLINE
SI/2,ONLINE
SI/8,ONLINE
CI/1,ONLINE
SC/4,ONLINE
CI/3,ONLINE
NI/12,ONLINE
CC/5,ONLINE
NC/7,ONLINE
NC/6,ONLINE
CI/6,ONLINE
NI/10,ONLINE
CI/10,ONLINE
CC/6,ONLINE
CC/2,ONLINE
SI/2,ONLINE
NI/10,ONLINE
CC/5,ONLINE
CC/10,ONLINE
CC/2,ONLINE
SI/8,ONLINE
CI/6,ONLINE
CI/2,ONLINE
CC/5,ONLINE
CC/6,ONLINE
CC/11,ONLINE
CI/12,ONLINE
CI/4,ONLINE
CI/2,ONLINE
CC/5,ONLINE
CC/6,ONLINE
CC/11,ONLINE
CI/3,ONLINE
CI/8,ONLINE
CC/5,ONLINE
SC/2,ONLINE
SC/5,ONLINE
NI/6,ONLINE
SI/2,ONLINE
NI/10,ONLINE
CC/5,ONLINE
NC/1,ONLINE
CC/10,ONLINE
CC/5,ONLINE
CC/7,ONLINE
NI/14,ONLINE
SI/2,ONLINE
NI/10,ONLINE
NC/8,ONLINE
NI/3,ONLINE
NI/4,ONLINE
NI/11,ONLINE
NC/8,ONLINE
SC/1,ONLINE
NC/9,ONLINE
CI/1,ONLINE
SI/5,ONLINE
NI/12,ONLINE
CC/5,ONLINE
NC/8,ONLINE
CC/6,ONLINE
CI/13,ONLINE
NI/10,ONLINE
SI/5,ONLINE
CC/1,ONLINE
CC/8,ONLINE
CC/9,ONLINE
CI/4,ONLINE
NI/12,ONLINE
CI/10,ONLINE
SC/1,ONLINE
NI/6,ONLINE
NI/2,ONLINE
NC/2,ONLINE
NC/3,ONLINE
NC/9,ONLINE
NI/14,ONLINE
NI/11,ONLINE
NI/12,ONLINE
NI/3,ONLINE
NI/4,ONLINE
NI/11,ONLINE
NC/7,ONLINE
NC/1,ONLINE
NC/9,ONLINE
NC/9,ONLINE
SI/2,ONLINE
CC/9,ONLINE
NC/4,ONLINE
CC/2,ONLINE
SI/2,ONLINE
NC/3,ONLINE
NC/4,ONLINE
SC/6,ONLINE
NI/14,ONLINE
NI/6,ONLINE
CI/6,ONLINE
CC/5,ONLINE
SC/4,ONLINE
CC/8,ONLINE
NI/5,ONLINE
NI/14,ONLINE
NI/9,ONLINE
NC/9,ONLINE
CC/3,ONLINE
CC/6,ONLINE
CC/2,ONLINE
SI/2,ONLINE
CI/10,ONLINE
CI/8,ONLINE
CC/5,ONLINE
NC/1,ONLINE
CC/10,ONLINE
SI/2,ONLINE
CC/1,ONLINE
CI/10,ONLINE
CI/9,ONLINE
CI/8,ONLINE
CC/3,ONLINE
NC/5,ONLINE
NC/6,ONLINE
NI/7,ONLINE
SI/5,ONLINE
SI/7,ONLINE
CC/1,ONLINE
SC/4,ONLINE
CC/9,ONLINE
CI/11,ONLINE
CI/9,ONLINE
CC/5,ONLINE
NC/9,ONLINE
NC/5,ONLINE
NI/5,ONLINE
NI/3,ONLINE
CI/12,ONLINE
CC/8,ONLINE
CC/6,ONLINE
CC/11,ONLINE
CI/4,ONLINE
SI/2,ONLINE
CI/6,ONLINE
NC/2,ONLINE
SI/2,ONLINE
CC/5,ONLINE
NC/1,ONLINE
CC/10,ONLINE
NI/14,ONLINE
NI/13,ONLINE
CI/2,ONLINE
CC/5,ONLINE
CC/10,ONLINE
NC/5,ONLINE
CI/8,ONLINE
NC/9,ONLINE
CC/5,ONLINE
NC/1,ONLINE
CC/10,ONLINE
SI/2,ONLINE
CI/5,ONLINE
CI/8,ONLINE
SI/3,ONLINE
SI/1,ONLINE
SI/7,ONLINE
CC/4,ONLINE
NC/9,ONLINE
CI/6,ONLINE
SI/3,ONLINE
SI/1,ONLINE
SI/7,ONLINE
SI/3,ONLINE
SI/1,ONLINE
SI/7,ONLINE
CC/5,ONLINE
CC/1,ONLINE
CC/8,ONLINE
NI/6,ONLINE
CI/7,ONLINE
CI/8,ONLINE
SI/3,ONLINE
SI/1,ONLINE
SI/7,ONLINE
CC/9,ONLINE
SC/1,ONLINE
NC/9,ONLINE
SI/8,ONLINE
SI/6,ONLINE
NC/2,ONLINE
NC/3,ONLINE
NC/7,ONLINE
SI/3,ONLINE
SI/1,ONLINE
SI/7,ONLINE
SI/3,ONLINE
SI/1,ONLINE
SI/7,ONLINE
SC/4,ONLINE
SC/2,ONLINE
SC/3,ONLINE
SI/3,ONLINE
SI/1,ONLINE
SI/7,ONLINE
CC/5,ONLINE
SC/2,ONLINE
SC/3,ONLINE
SI/8,ONLINE
CC/9,ONLINE
NI/1,ONLINE
NI/13,ONLINE
NI/12,ONLINE
SC/2,ONLINE
SC/6,ONLINE
SC/1,ONLINE
SI/3,ONLINE
SI/1,ONLINE
SI/7,ONLINE
CC/4,ONLINE
SI/3,ONLINE
SI/1,ONLINE
SI/7,ONLINE
SC/2,ONLINE
SC/3,ONLINE
SC/1,ONLINE
SI/3,ONLINE
SI/1,ONLINE
SI/7,ONLINE
SI/3,ONLINE
SI/1,ONLINE
SI/7,ONLINE
CC/2,ONLINE
SI/3,ONLINE
SI/1,ONLINE
SI/7,ONLINE
CC/10,ONLINE
NC/9,ONLINE
CC/2,ONLINE
NI/13,ONLINE
SI/4,ONLINE
NI/10,ONLINE
NC/3,ONLINE
SC/3,ONLINE
NI/1,ONLINE
CC/9,ONLINE
SI/3,ONLINE
SI/1,ONLINE
SI/7,ONLINE
SC/1,ONLINE
SI/3,ONLINE
SI/1,ONLINE
SI/7,ONLINE
CC/4,ONLINE
SI/3,ONLINE
SI/1,ONLINE
SI/7,ONLINE
NC/8,ONLINE
NC/7,ONLINE
NC/9,ONLINE
SI/3,ONLINE
SI/1,ONLINE
SI/7,ONLINE
CC/4,ONLINE
NC/8,ONLINE
NC/9,ONLINE
NI/13,ONLINE
SI/1,ONLINE
SI/7,ONLINE
CC/5,ONLINE
SC/2,ONLINE
SC/6,ONLINE
NI/9,ONLINE
CI/1,ONLINE
NI/10,ONLINE
CC/4,ONLINE
SI/3,ONLINE
SI/1,ONLINE
SI/7,ONLINE
SC/1,ONLINE
CC/10,ONLINE
SI/3,ONLINE
SI/1,ONLINE
SI/7,ONLINE
CC/4,ONLINE
SI/3,ONLINE
SI/1,ONLINE
SI/7,ONLINE
CC/5,ONLINE
SC/2,ONLINE
SC/3,ONLINE
SI/8,ONLINE
CC/5,ONLINE
CC/4,ONLINE
NC/9,ONLINE
NI/10,ONLINE
SI/5,ONLINE
CI/9,ONLINE
SI/3,ONLINE
SI/1,ONLINE
SI/7,ONLINE
CC/9,ONLINE
NC/8,ONLINE
SI/3,ONLINE
SI/1,ONLINE
SI/7,ONLINE
SC/2,ONLINE
SI/3,ONLINE
SI/1,ONLINE
SI/7,ONLINE
CC/5,ONLINE
SC/6,ONLINE
CC/10,ONLINE
SI/2,ONLINE
NI/10,ONLINE
CI/8,ONLINE
CC/7,ONLINE
NC/7,ONLINE
SC/2,ONLINE
NI/3,ONLINE
CI/13,ONLINE
NI/6,ONLINE
CC/5,ONLINE
NC/1,ONLINE
CC/10,ONLINE
NI/10,ONLINE
CC/4,ONLINE
SC/4,ONLINE
CC/9,ONLINE
SI/7,ONLINE
SC/2,ONLINE
NC/6,ONLINE
SI/3,ONLINE
SI/1,ONLINE
SI/7,ONLINE
CC/4,ONLINE
NC/7,ONLINE
CC/6,ONLINE
CI/4,ONLINE
NI/1,ONLINE
CI/1,ONLINE
CC/4,ONLINE
NC/7,ONLINE
NC/9,ONLINE
SI/3,ONLINE
SI/1,ONLINE
SI/7,ONLINE
CC/7,ONLINE
SI/3,ONLINE
SI/1,ONLINE
SI/7,ONLINE
CC/5,ONLINE
CC/3,ONLINE
NC/6,ONLINE
SI/8,ONLINE
CI/7,ONLINE
SI/7,ONLINE
CC/5,ONLINE
CC/6,ONLINE
SI/3,ONLINE
SI/1,ONLINE
SI/7,ONLINE
SI/3,ONLINE
SI/1,ONLINE
SI/7,ONLINE
SI/3,ONLINE
SI/1,ONLINE
SI/7,ONLINE
SC/3,ONLINE
SI/3,ONLINE
SI/1,ONLINE
SI/7,ONLINE
NC/5,ONLINE
NC/6,ONLINE
CI/2,ONLINE
NI/12,ONLINE
CC/5,ONLINE
CC/9,ONLINE
CC/11,ONLINE
SI/3,ONLINE
SI/1,ONLINE
SI/7,ONLINE
CC/9,ONLINE
SC/1,ONLINE
NC/9,ONLINE
NI/14,ONLINE
CI/13,ONLINE
SI/5,ONLINE
CC/9,ONLINE
NC/8,ONLINE
NC/9,ONLINE
NI/14,ONLINE
NI/4,ONLINE
CI/4,ONLINE
CC/9,ONLINE
NC/7,ONLINE
SC/1,ONLINE
NI/14,ONLINE
CI/12,ONLINE
NI/12,ONLINE
SC/2,ONLINE
SC/3,ONLINE
SI/3,ONLINE
SI/1,ONLINE
SI/7,ONLINE
SI/3,ONLINE
SI/1,ONLINE
SI/7,ONLINE
SI/3,ONLINE
SI/1,ONLINE
CC/1,ONLINE
CC/4,ONLINE
CI/2,ONLINE
NI/12,ONLINE
SI/1,ONLINE
NC/7,ONLINE
CC/11,ONLINE
SI/3,ONLINE
SI/1,ONLINE
SI/7,ONLINE
NC/7,ONLINE
CC/6,ONLINE
CC/11,ONLINE
CI/1,ONLINE
CI/7,ONLINE
CI/2,ONLINE
CC/9,ONLINE
SC/3,ONLINE
CC/11,ONLINE
NI/5,ONLINE
CI/9,ONLINE
CI/8,ONLINE
CC/5,ONLINE
SC/5,ONLINE
CC/11,ONLINE
SI/3,ONLINE
SI/1,ONLINE
SI/7,ONLINE
SI/3,ONLINE
SI/1,ONLINE
SI/7,ONLINE
SI/3,ONLINE
SI/1,ONLINE
SI/7,ONLINE
NC/9,ONLINE
NC/5,ONLINE
CC/2,ONLINE
SI/3,ONLINE
SI/1,ONLINE
SI/7,ONLINE
CC/4,ONLINE
CC/8,ONLINE
CC/12,ONLINE
CI/13,ONLINE
CI/2,ONLINE
NI/10,ONLINE
SI/3,ONLINE
SI/7,ONLINE
CC/5,ONLINE
NC/6,ONLINE
CC/11,ONLINE
NI/10,ONLINE
NC/7,ONLINE
NC/9,ONLINE
NC/6,ONLINE
SI/3,ONLINE
SI/1,ONLINE
SI/7,ONLINE
SC/1,ONLINE
CC/6,ONLINE
NC/9,ONLINE
NI/14,ONLINE
CI/9,ONLINE
SI/3,ONLINE
SI/1,ONLINE
SI/7,ONLINE
CC/5,ONLINE
NC/7,ONLINE
CC/6,ONLINE
SI/2,ONLINE
CI/5,ONLINE
CI/7,ONLINE
SI/3,ONLINE
SI/1,ONLINE
SI/7,ONLINE
CC/5,ONLINE
NC/8,ONLINE
SC/5,ONLINE
SI/3,ONLINE
SI/1,ONLINE
SI/7,ONLINE
CC/4,ONLINE
CC/9,ONLINE
NI/6,ONLINE
NI/2,ONLINE
SI/3,ONLINE
SI/1,ONLINE
SI/7,ONLINE
SI/3,ONLINE
SI/1,ONLINE
SI/7,ONLINE
SC/1,ONLINE
SI/3,ONLINE
SI/1,ONLINE
SI/7,ONLINE
SI/3,ONLINE
SI/1,ONLINE
SI/7,ONLINE
SI/3,ONLINE
SI/1,ONLINE
SI/7,ONLINE
CC/5,ONLINE
NC/2,ONLINE
NC/1,ONLINE
SI/3,ONLINE
SI/1,ONLINE
SI/7,ONLINE
NC/1,ONLINE
SI/3,ONLINE
SI/1,ONLINE
SI/7,ONLINE
SI/3,ONLINE
SI/1,ONLINE
SI/7,ONLINE
CC/5,ONLINE
CC/7,ONLINE
SC/6,ONLINE
CI/3,ONLINE
CI/4,ONLINE
NI/12,ONLINE
CC/5,ONLINE
CC/11,ONLINE
CC/12,ONLINE
CI/7,ONLINE
CI/2,ONLINE
CI/10,ONLINE
SI/3,ONLINE
SI/1,ONLINE
CI/10,ONLINE
CC/6,ONLINE
CC/11,ONLINE
SI/3,ONLINE
SI/1,ONLINE
SI/7,ONLINE
CC/5,ONLINE
CC/1,ONLINE
CC/3,ONLINE
NI/9,ONLINE
NI/6,ONLINE
CI/7,ONLINE
CC/5,ONLINE
NC/7,ONLINE
NC/6,ONLINE
CI/13,ONLINE
CI/4,ONLINE
SI/5,ONLINE
CC/3,ONLINE
NC/7,ONLINE
CC/11,ONLINE
CI/12,ONLINE
CI/11,ONLINE
NI/12,ONLINE
CC/4,ONLINE
NC/7,ONLINE
CC/6,ONLINE
NI/14,ONLINE
SI/2,ONLINE
CI/8,ONLINE
CC/3,ONLINE
CC/9,ONLINE
SC/1,ONLINE
NI/14,ONLINE
NI/9,ONLINE
SI/7,ONLINE
CC/4,ONLINE
CC/6,ONLINE
NC/9,ONLINE
CI/4,ONLINE
CI/7,ONLINE
NI/12,ONLINE
SI/3,ONLINE
SI/1,ONLINE
SI/7,ONLINE
SI/3,ONLINE
SI/1,ONLINE
SI/7,ONLINE
NC/7,ONLINE
CC/8,ONLINE
CC/11,ONLINE
CC/12,ONLINE
SI/2,ONLINE
CI/6,ONLINE
CI/9,ONLINE
SI/3,ONLINE
SI/1,ONLINE
SI/7,ONLINE
CC/5,ONLINE
SC/2,ONLINE
NC/1,ONLINE
SI/3,ONLINE
SI/1,ONLINE
SI/7,ONLINE
CC/4,ONLINE
CC/7,ONLINE
NC/8,ONLINE
NI/14,ONLINE
NI/9,ONLINE
SI/3,ONLINE
CC/5,ONLINE
NC/8,ONLINE
NC/6,ONLINE
CI/3,ONLINE
NI/8,ONLINE
NI/13,ONLINE
CC/5,ONLINE
NC/7,ONLINE
NC/4,ONLINE
NI/6,ONLINE
NI/2,ONLINE
CI/9,ONLINE
SC/2,ONLINE
SC/3,ONLINE
SC/1,ONLINE
SI/3,ONLINE
SI/1,ONLINE
SI/7,ONLINE
CC/5,ONLINE
NC/1,ONLINE
NC/9,ONLINE
SI/2,ONLINE
NI/10,ONLINE
CI/8,ONLINE
NC/7,ONLINE
SC/2,ONLINE
NC/9,ONLINE
NI/14,ONLINE
CI/2,ONLINE
NI/12,ONLINE
CI/13,ONLINE
CC/4,ONLINE
NC/7,ONLINE
SC/3,ONLINE
CI/12,ONLINE
SI/3,ONLINE
SI/8,ONLINE
CC/1,ONLINE
CC/4,ONLINE
NC/7,ONLINE
CI/4,ONLINE
CI/13,ONLINE
CC/1,ONLINE
CC/4,ONLINE
NI/14,ONLINE
CI/4,ONLINE
CI/2,ONLINE
CC/5,ONLINE
CC/4,ONLINE
NC/9,ONLINE
SI/2,ONLINE
CI/7,ONLINE
NI/10,ONLINE
SC/4,ONLINE
SC/6,ONLINE
CC/11,ONLINE
CI/3,ONLINE
CI/13,ONLINE
CI/6,ONLINE
NC/2,ONLINE
NC/7,ONLINE
CI/3,ONLINE
NC/2,ONLINE
SC/1,ONLINE
CC/11,ONLINE
SI/2,ONLINE
SI/5,ONLINE
SI/6,ONLINE
CC/1,ONLINE
NC/2,ONLINE
NC/7,ONLINE
CI/3,ONLINE
CC/1,ONLINE
NC/7,ONLINE
SC/3,ONLINE
SI/8,ONLINE
CI/7,ONLINE
CI/2,ONLINE
CC/4,ONLINE
NC/2,ONLINE
SC/6,ONLINE
SI/2,ONLINE
CI/7,ONLINE
CI/8,ONLINE
SC/2,ONLINE
SI/2,ONLINE
CC/4,ONLINE
SC/3,ONLINE
CC/6,ONLINE
NI/3,ONLINE
SI/7,ONLINE
CI/10,ONLINE
CC/5,ONLINE
NC/1,ONLINE
CC/10,ONLINE
CC/5,ONLINE
NC/1,ONLINE
CC/10,ONLINE
CI/1,ONLINE
CI/7,ONLINE
CI/2,ONLINE
CC/3,ONLINE
CC/9,ONLINE
SI/3,ONLINE
SI/8,ONLINE
SI/7,ONLINE
CC/4,ONLINE
CI/3,ONLINE
CI/10,ONLINE
CC/4,ONLINE
NC/7,ONLINE
NC/1,ONLINE
NC/2,ONLINE
NC/3,ONLINE
NI/14,ONLINE
NI/4,ONLINE
NI/9,ONLINE
NC/2,ONLINE
NC/3,ONLINE
NI/4,ONLINE
NI/9,ONLINE
NI/11,ONLINE
NC/2,ONLINE
NC/3,ONLINE
NI/14,ONLINE
NI/4,ONLINE
NI/9,ONLINE
NC/2,ONLINE
NC/3,ONLINE
NI/14,ONLINE
NI/4,ONLINE
NI/11,ONLINE
NC/2,ONLINE
NC/3,ONLINE
NI/14,ONLINE
NI/4,ONLINE
NI/9,ONLINE
NC/2,ONLINE
NC/3,ONLINE
NI/4,ONLINE
NI/9,ONLINE
NI/11,ONLINE
CC/5,ONLINE
SC/4,ONLINE
CC/6,ONLINE
CI/10,ONLINE
CI/9,ONLINE
CI/8,ONLINE
NC/9,ONLINE
CC/5,ONLINE
NC/1,ONLINE
CC/10,ONLINE
NI/14,ONLINE
SI/2,ONLINE
NI/13,ONLINE
NC/2,ONLINE
NC/8,ONLINE
SC/3,ONLINE
CI/12,ONLINE
NI/2,ONLINE
NI/10,ONLINE
CC/5,ONLINE
NC/1,ONLINE
CC/10,ONLINE
NI/9,ONLINE
NI/11,ONLINE
CI/1,ONLINE
NC/3,ONLINE
NI/14,ONLINE
NI/9,ONLINE
NI/11,ONLINE
NC/3,ONLINE
NI/5,ONLINE
NI/9,ONLINE
NI/11,ONLINE
NC/2,ONLINE
NI/14,ONLINE
NI/4,ONLINE
NI/11,ONLINE
NC/3,ONLINE
NI/5,ONLINE
NI/9,ONLINE
NI/11,ONLINE
NI/4,ONLINE
NI/8,ONLINE
NI/12,ONLINE
NC/8,ONLINE
NI/3,ONLINE
NI/4,ONLINE
NI/12,ONLINE
SC/6,ONLINE
NC/9,ONLINE
CC/5,ONLINE
NC/1,ONLINE
CC/10,ONLINE
CC/5,ONLINE
NC/1,ONLINE
CC/10,ONLINE
CC/5,ONLINE
NC/1,ONLINE
CC/10,ONLINE
CI/7,ONLINE
CC/5,ONLINE
NC/1,ONLINE
CC/10,ONLINE
CI/12,ONLINE
SI/2,ONLINE
NI/13,ONLINE
CC/5,ONLINE
SC/3,ONLINE
CC/10,ONLINE
CC/5,ONLINE
NC/1,ONLINE
CC/10,ONLINE
NI/9,ONLINE
CI/7,ONLINE
SI/7,ONLINE
CC/5,ONLINE
NC/1,ONLINE
CC/10,ONLINE
NI/14,ONLINE
CI/2,ONLINE
NI/10,ONLINE
NC/9,ONLINE
CC/1,ONLINE
CI/1,ONLINE
CI/2,ONLINE
CI/1,ONLINE
CI/2,ONLINE
CI/9,ONLINE
CC/1,ONLINE
CC/4,ONLINE
NC/7,ONLINE
CI/1,ONLINE
CI/7,ONLINE
CI/2,ONLINE
CI/1,ONLINE
CI/7,ONLINE
CI/2,ONLINE
CI/1,ONLINE
CI/7,ONLINE
CI/2,ONLINE
CC/5,ONLINE
CC/3,ONLINE
NC/1,ONLINE
NI/13,ONLINE
CI/1,ONLINE
CI/7,ONLINE
CC/5,ONLINE
NC/1,ONLINE
CC/10,ONLINE
CI/1,ONLINE
CI/7,ONLINE
CI/2,ONLINE
NC/8,ONLINE
NC/1,ONLINE
SC/1,ONLINE
NI/14,ONLINE
CI/7,ONLINE
SI/7,ONLINE
CC/5,ONLINE
CC/7,ONLINE
SC/2,ONLINE
SC/3,ONLINE
CI/12,ONLINE
CI/11,ONLINE
SI/8,ONLINE
SI/2,ONLINE
SC/3,ONLINE
CI/3,ONLINE
SI/8,ONLINE
CC/5,ONLINE
CC/3,ONLINE
CC/10,ONLINE
NI/14,ONLINE
CI/3,ONLINE
NI/10,ONLINE
CC/1,ONLINE
NC/7,ONLINE
NC/1,ONLINE
SI/2,ONLINE
CI/7,ONLINE
CI/2,ONLINE
NC/3,ONLINE
NI/4,ONLINE
NI/9,ONLINE
NI/11,ONLINE
NC/3,ONLINE
NI/3,ONLINE
NI/4,ONLINE
NI/11,ONLINE
CC/1,ONLINE
NC/1,ONLINE
CC/2,ONLINE
SI/2,ONLINE
CI/2,ONLINE
CC/3,ONLINE
NC/4,ONLINE
NC/3,ONLINE
NI/14,ONLINE
NI/9,ONLINE
NI/11,ONLINE
NC/3,ONLINE
NI/4,ONLINE
NI/9,ONLINE
NI/11,ONLINE
CC/4,ONLINE
NC/7,ONLINE
NC/5,ONLINE
NC/6,ONLINE
NC/5,ONLINE
NC/6,ONLINE
NC/5,ONLINE
NI/10,ONLINE
NC/7,ONLINE
NC/5,ONLINE
NC/6,ONLINE
NC/5,ONLINE
NC/6,ONLINE
NI/10,ONLINE
NC/5,ONLINE
NC/6,ONLINE
NC/5,ONLINE
NC/6,ONLINE
NI/10,ONLINE
NC/8,ONLINE
NC/5,ONLINE
NC/6,ONLINE
NI/5,ONLINE
NI/13,ONLINE
NI/10,ONLINE
NC/5,ONLINE
NC/6,ONLINE
CC/11,ONLINE
NI/1,ONLINE
CI/5,ONLINE
NI/10,ONLINE
NC/5,ONLINE
NC/6,ONLINE
NC/5,ONLINE
NC/6,ONLINE
NC/5,ONLINE
NC/6,ONLINE
NI/14,ONLINE
NI/10,ONLINE
NC/5,ONLINE
NC/6,ONLINE
NC/7,ONLINE
NC/5,ONLINE
NC/6,ONLINE
NI/14,ONLINE
NI/10,ONLINE
NI/12,ONLINE
NC/5,ONLINE
NC/6,ONLINE
NC/5,ONLINE
NC/6,ONLINE
NC/4,ONLINE
NC/5,ONLINE
NC/6,ONLINE
NI/14,ONLINE
NI/13,ONLINE
SI/7,ONLINE
NC/7,ONLINE
NC/5,ONLINE
NC/6,ONLINE
NC/5,ONLINE
NC/6,ONLINE
NI/10,ONLINE
NC/5,ONLINE
NC/6,ONLINE
NC/5,ONLINE
NC/6,ONLINE
NI/14,ONLINE
NI/8,ONLINE
NI/10,ONLINE
NC/3,ONLINE
NI/14,ONLINE
NI/4,ONLINE
NI/11,ONLINE
NC/2,ONLINE
NC/8,ONLINE
NI/5,ONLINE
NI/9,ONLINE
NI/8,ONLINE
NC/1,ONLINE
SC/6,ONLINE
NC/6,ONLINE
NI/14,ONLINE
CI/13,ONLINE
NI/12,ONLINE
CC/7,ONLINE
CI/3,ONLINE
CC/8,ONLINE
CC/3,ONLINE
NC/5,ONLINE
NI/5,ONLINE
NI/14,ONLINE
NI/10,ONLINE
NC/7,ONLINE
NC/5,ONLINE
NC/6,ONLINE
CI/4,ONLINE
CI/2,ONLINE
NI/10,ONLINE
SC/2,ONLINE
SC/3,ONLINE
SI/2,ONLINE
SI/7,ONLINE
CC/1,ONLINE
CC/9,ONLINE
CC/10,ONLINE
SI/2,ONLINE
NI/1,ONLINE
CI/5,ONLINE
NC/5,ONLINE
NC/6,ONLINE
SC/4,ONLINE
SC/6,ONLINE
CC/12,ONLINE
CI/6,ONLINE
CI/7,ONLINE
CI/2,ONLINE
CC/5,ONLINE
SC/4,ONLINE
NC/1,ONLINE
NI/14,ONLINE
NI/10,ONLINE
CI/9,ONLINE
SC/4,ONLINE
CC/8,ONLINE
CC/3,ONLINE
CI/4,ONLINE
CI/1,ONLINE
CI/7,ONLINE
CC/5,ONLINE
CI/7,ONLINE
NC/7,ONLINE
NC/1,ONLINE
CC/6,ONLINE
CI/4,ONLINE
NI/13,ONLINE
CI/6,ONLINE
CC/1,ONLINE
SI/2,ONLINE
CC/8,ONLINE
CC/6,ONLINE
NC/9,ONLINE
NI/13,ONLINE
SI/4,ONLINE
CI/2,ONLINE
NC/7,ONLINE
CC/6,ONLINE
NC/6,ONLINE
NI/14,ONLINE
CI/7,ONLINE
CI/9,ONLINE
NC/2,ONLINE
NC/8,ONLINE
NC/3,ONLINE
NI/4,ONLINE
NI/9,ONLINE
NI/11,ONLINE
NC/2,ONLINE
NC/8,ONLINE
NC/3,ONLINE
NI/4,ONLINE
NI/9,ONLINE
NI/11,ONLINE
NC/2,ONLINE
NC/8,ONLINE
NC/3,ONLINE
NI/9,ONLINE
NI/11,ONLINE
NI/8,ONLINE
NC/2,ONLINE
NC/8,ONLINE
NC/3,ONLINE
NI/3,ONLINE
NI/9,ONLINE
NI/8,ONLINE
NC/2,ONLINE
NC/8,ONLINE
NC/1,ONLINE
NI/14,ONLINE
NI/3,ONLINE
NI/9,ONLINE
NC/2,ONLINE
NC/8,ONLINE
NC/3,ONLINE
NI/4,ONLINE
NI/9,ONLINE
NI/11,ONLINE
NC/2,ONLINE
NC/8,ONLINE
NC/3,ONLINE
NI/4,ONLINE
NI/9,ONLINE
NI/11,ONLINE
NC/2,ONLINE
NC/8,ONLINE
NC/3,ONLINE
NI/4,ONLINE
NI/9,ONLINE
NI/11,ONLINE
NC/2,ONLINE
NC/8,ONLINE
NC/3,ONLINE
NI/4,ONLINE
NI/9,ONLINE
NI/11,ONLINE
CC/5,ONLINE
NC/1,ONLINE
CC/10,ONLINE
CI/5,ONLINE
CI/10,ONLINE
CI/9,ONLINE
CC/9,ONLINE
SC/1,ONLINE
NC/5,ONLINE
NI/14,ONLINE
CI/7,ONLINE
CI/8,ONLINE
NC/2,ONLINE
NC/8,ONLINE
NC/3,ONLINE
NI/4,ONLINE
NI/9,ONLINE
NI/11,ONLINE
NC/2,ONLINE
NC/8,ONLINE
NC/3,ONLINE
NI/4,ONLINE
NI/9,ONLINE
NI/11,ONLINE
NC/2,ONLINE
NC/8,ONLINE
NC/3,ONLINE
NI/4,ONLINE
NI/9,ONLINE
NI/11,ONLINE
CC/5,ONLINE
NC/1,ONLINE
CC/10,ONLINE
CI/3,ONLINE
SI/2,ONLINE
CI/9,ONLINE
NC/2,ONLINE
NC/8,ONLINE
NC/3,ONLINE
NI/4,ONLINE
NI/9,ONLINE
NI/11,ONLINE
NC/8,ONLINE
NC/1,ONLINE
CC/2,ONLINE
CI/4,ONLINE
SI/2,ONLINE
NI/12,ONLINE
NC/2,ONLINE
NC/8,ONLINE
NC/3,ONLINE
NI/4,ONLINE
NI/9,ONLINE
NI/11,ONLINE
NC/2,ONLINE
NC/8,ONLINE
NC/3,ONLINE
NI/4,ONLINE
NI/9,ONLINE
NI/11,ONLINE
NC/2,ONLINE
NC/8,ONLINE
NC/3,ONLINE
NI/4,ONLINE
NI/9,ONLINE
NI/11,ONLINE
CC/3,ONLINE
CI/13,ONLINE
SI/4,ONLINE
NC/8,ONLINE
NC/4,ONLINE
NC/9,ONLINE
NI/9,ONLINE
NI/1,ONLINE
NI/13,ONLINE
NC/2,ONLINE
NC/8,ONLINE
NC/3,ONLINE
NI/4,ONLINE
NI/9,ONLINE
NI/11,ONLINE
NC/2,ONLINE
NC/8,ONLINE
NC/3,ONLINE
NI/4,ONLINE
NI/9,ONLINE
NI/11,ONLINE
NC/2,ONLINE
NC/8,ONLINE
NC/3,ONLINE
NI/4,ONLINE
NI/9,ONLINE
NI/11,ONLINE
NC/2,ONLINE
NC/8,ONLINE
NC/3,ONLINE
NI/4,ONLINE
NI/9,ONLINE
NI/11,ONLINE
NC/2,ONLINE
NC/8,ONLINE
NC/3,ONLINE
NI/4,ONLINE
NI/9,ONLINE
NI/11,ONLINE
SC/1,ONLINE
CC/2,ONLINE
CC/12,ONLINE
NI/6,ONLINE
SI/4,ONLINE
CI/1,ONLINE
NC/2,ONLINE
NC/8,ONLINE
NC/3,ONLINE
NI/4,ONLINE
NI/9,ONLINE
NI/11,ONLINE
NC/2,ONLINE
NC/8,ONLINE
NC/3,ONLINE
NI/4,ONLINE
NI/9,ONLINE
NI/11,ONLINE
CC/5,ONLINE
CC/11,ONLINE
CC/12,ONLINE
CI/6,ONLINE
NI/10,ONLINE
SI/5,ONLINE
NC/2,ONLINE
NC/8,ONLINE
NC/3,ONLINE
NI/4,ONLINE
NI/9,ONLINE
NI/11,ONLINE
CC/9,ONLINE
CC/11,ONLINE
CC/12,ONLINE
CI/3,ONLINE
SI/8,ONLINE
NC/2,ONLINE
NC/8,ONLINE
NC/3,ONLINE
NI/4,ONLINE
NI/9,ONLINE
NI/11,ONLINE
NC/2,ONLINE
NC/8,ONLINE
NC/3,ONLINE
NI/4,ONLINE
NI/9,ONLINE
NI/11,ONLINE
NC/2,ONLINE
NC/8,ONLINE
NC/3,ONLINE
NI/4,ONLINE
NI/9,ONLINE
NI/11,ONLINE
CC/4,ONLINE
CC/9,ONLINE
NC/9,ONLINE
NI/14,ONLINE
SI/4,ONLINE
CI/8,ONLINE
CC/8,ONLINE
CC/11,ONLINE
CC/12,ONLINE
SI/2,ONLINE
CI/7,ONLINE
NI/12,ONLINE
CC/10,ONLINE
NC/5,ONLINE
NC/6,ONLINE
CI/3,ONLINE
SI/4,ONLINE
NI/10,ONLINE
CC/5,ONLINE
NC/1,ONLINE
CC/10,ONLINE
CI/12,ONLINE
CI/11,ONLINE
NI/13,ONLINE
CC/8,ONLINE
NC/7,ONLINE
CC/11,ONLINE
SI/2,ONLINE
NI/10,ONLINE
CI/8,ONLINE
NC/5,ONLINE
NC/6,ONLINE
CC/11,ONLINE
SI/8,ONLINE
CI/10,ONLINE
CI/9,ONLINE
CC/8,ONLINE
SI/1,ONLINE
CC/3,ONLINE
SC/2,ONLINE
SC/3,ONLINE
NI/14,ONLINE
NI/10,ONLINE
NI/12,ONLINE
CI/4,ONLINE
CC/4,ONLINE
NC/8,ONLINE
CC/11,ONLINE
CI/7,ONLINE
NI/12,ONLINE
CC/9,ONLINE
SC/2,ONLINE
CC/11,ONLINE
CI/12,ONLINE
CI/3,ONLINE
CI/13,ONLINE
SC/6,ONLINE
CC/2,ONLINE
SI/2,ONLINE
